Site,FishEc,SL,Parasites,Remarks_lab,Remarks_field,Type
AK10,190051,44,0,,,Fish
AK10,190052,42,0,,,Fish
AK10,190053,39,0,,,Fish
AK10,190054,36,0,,,Fish
AK10,190055,46,0,,,Fish
AK10,190056,44,0,,,Fish
AK10,190057,44,1,,,Fish
AK10,190058,40,0,,,Fish
AK10,190059,48,0,,,Fish
AK10,190060,46,0,,,Fish
AK10,190061,38,0,,,Fish
AK10,190062,50,0,,,Fish
AK10,190063,51,0,,,Fish
AK10,190064,41,0,,,Fish
AK10,190065,46,0,,,Fish
AK10,190066,40,0,,,Fish
AK10,190067,42,0,,,Fish
AK10,190068,48,0,,,Fish
AK10,190069,43,0,,,Fish
AK10,190070,44,0,,,Fish
AK10,190071,42,0,,,Fish
AK10,190072,51,0,,,Fish
AK10,190073,36,0,,,Fish
AK10,190074,34,1,,,Fish
AK10,190075,53,0,,,Fish
AK10,190076,39,0,,,Fish
AK10,190077,42,0,,,Fish
AK10,190078,39,1,,,Fish
AK10,190079,38,0,,,Fish
AK10,190080,43,0,,,Fish
AK10,190081,40,1,,,Fish
AK10,190082,50,0,,,Fish
AK10,190083,45,0,,,Fish
AK10,190084,46,1,,,Fish
AK10,190085,36,0,,,Fish
AK10,190086,38,0,,,Fish
AK10,190087,41,0,,,Fish
AK10,190088,37,0,,,Fish
AK10,190089,42,0,,,Fish
AK10,190090,49,0,,,Fish
AK10,190091,44,0,,,Fish
AK10,190092,34,0,,,Fish
AK10,190093,40,0,,,Fish
AK10,190094,67,1,,,Fish
AK10,190095,45,0,,,Fish
AK10,190096,45,0,,,Fish
AK10,190097,38,1,,,Fish
AK10,190098,44,0,,,Fish
AK10,190099,41,0,,,Fish
AK10,190100,39,0,,,Fish
AK11,190551,37,0,,,Fish
AK11,190552,34,0,,,Fish
AK11,190553,40,0,,,Fish
AK11,190554,45,0,,,Fish
AK11,190555,38,1,,,Fish
AK11,190556,40,0,,,Fish
AK11,190557,37,0,,,Fish
AK11,190558,41,1,,,Fish
AK11,190559,36,0,,,Fish
AK11,190560,46,0,,,Fish
AK11,190561,42,0,,,Fish
AK11,190562,41,0,,,Fish
AK11,190563,40,0,,,Fish
AK11,190564,39,0,,,Fish
AK11,190565,42,0,,,Fish
AK11,190566,41,0,,,Fish
AK11,190567,38,0,,,Fish
AK11,190568,36,0,,,Fish
AK11,190569,44,0,,,Fish
AK11,190570,46,0,,,Fish
AK11,190571,42,0,,,Fish
AK11,190572,41,0,,,Fish
AK11,190573,42,0,,,Fish
AK11,190574,41,0,,,Fish
AK11,190575,42,0,,,Fish
AK11,190576,39,0,,,Fish
AK11,190577,43,0,,,Fish
AK11,190578,41,0,,,Fish
AK11,190579,40,0,,,Fish
AK11,190580,42,0,,,Fish
AK11,190581,44,0,,,Fish
AK11,190582,39,0,,,Fish
AK11,190583,46,0,,,Fish
AK11,190584,37,0,,,Fish
AK11,190585,39,0,,,Fish
AK11,190586,38,0,,,Fish
AK11,190587,38,0,,,Fish
AK11,190588,40,0,,,Fish
AK11,190589,40,0,,,Fish
AK11,190590,40,0,,,Fish
AK11,190591,37,0,,,Fish
AK11,190592,37,0,,,Fish
AK11,190593,41,0,,,Fish
AK11,190594,39,0,,,Fish
AK11,190595,40,0,,,Fish
AK11,190596,40,0,,,Fish
AK11,190597,42,0,,,Fish
AK11,190598,39,0,,,Fish
AK11,190599,34,0,,,Fish
AK11,190600,37,0,,,Fish
AK2,190901,43,1,,handcaught,Fish
AK2,190902,37,1,,handcaught,Fish
AK2,190903,50,0,,,Fish
AK2,190904,51,1,,,Fish
AK2,190905,55,1,,handcaught,Fish
AK2,190906,63,0,,,Fish
AK2,190907,51,0,,,Fish
AK2,190908,49,0,,,Fish
AK2,190909,55,0,,,Fish
AK2,190910,35,1,,,Fish
AK2,190911,58,0,,,Fish
AK2,190912,37,0,,,Fish
AK2,190913,53,1,,,Fish
AK2,190914,47,0,,,Fish
AK2,190915,49,0,,,Fish
AK2,190916,46,0,,,Fish
AK2,190917,49,0,,,Fish
AK2,190918,50,0,,,Fish
AK2,190919,46,1,,handcaught,Fish
AK2,190920,39,1,,handcaught,Fish
AK2,190921,50,1,,,Fish
AK2,190922,47,0,,,Fish
AK2,190923,50,0,,,Fish
AK2,190924,51,1,,,Fish
AK2,190925,50,1,,,Fish
AK2,190926,54,0,,handcaught,Fish
AK2,190927,50,0,,,Fish
AK2,190928,53,1,,handcaught,Fish
AK2,190929,56,1,,handcaught,Fish
AK2,190930,53,0,,handcaught,Fish
AK2,190931,44,1,,handcaught,Fish
AK2,190932,40,1,,handcaught,Fish
AK2,190933,45,1,,handcaught,Fish
AK2,190934,48,0,,,Fish
AK2,190935,50,1,,,Fish
AK2,190936,45,1,,,Fish
AK2,190937,45,1,,,Fish
AK2,190938,35,1,,,Fish
AK2,190939,35,0,,,Fish
AK2,190940,50,0,,,Fish
AK2,190941,35,1,,,Fish
AK2,190942,53,0,,,Fish
AK2,190943,55,1,,,Fish
AK2,190944,52,0,,,Fish
AK2,190945,48,0,,,Fish
AK2,190946,42,0,,,Fish
AK2,190947,33,1,,,Fish
AK2,190948,48,0,,,Fish
AK2,190949,54,0,,,Fish
AK2,190950,53,0,,,Fish
AK4,185844,35,0,,,Fish
AK4,185845,60,1,,,Fish
AK4,185846,53,1,,,Fish
AK4,185847,35,1,,,Fish
AK4,185848,34,0,,,Fish
AK4,185849,46,0,,,Fish
AK4,185850,40,0,,,Fish
AK4,185851,41,0,,,Fish
AK4,185852,49,0,,,Fish
AK4,185853,34,0,,,Fish
AK4,185854,37,1,,,Fish
AK4,185855,38,1,,,Fish
AK4,185856,34,0,,,Fish
AK4,185857,51,0,,,Fish
AK4,185858,45,0,,,Fish
AK4,185859,49,0,,,Fish
AK4,185860,65,0,,,Fish
AK4,185861,48,0,,,Fish
AK4,185862,46,1,,,Fish
AK4,185863,41,0,,,Fish
AK4,185864,34,1,,,Fish
AK4,185865,34,0,,,Fish
AK4,185866,48,0,,,Fish
AK4,185867,46,0,,,Fish
AK4,185868,33,0,,,Fish
AK4,185869,54,0,,,Fish
AK4,185870,39,0,,,Fish
AK4,185871,36,1,,,Fish
AK4,185872,42,0,,,Fish
AK4,185873,35,0,,,Fish
AK4,185874,60,1,,,Fish
AK4,185875,49,0,,,Fish
AK4,185876,50,1,,,Fish
AK4,185877,40,1,,,Fish
AK4,185878,57,0,,,Fish
AK4,185879,37,1,,,Fish
AK4,185880,39,1,,,Fish
AK4,185881,43,1,,,Fish
AK4,185882,37,0,,,Fish
AK4,185883,35,0,,,Fish
AK4,185884,53,1,,,Fish
AK4,185885,49,1,,,Fish
AK4,185886,40,1,,,Fish
AK4,185887,43,1,,,Fish
AK4,185888,44,0,,,Fish
AK4,185889,33,1,,,Fish
AK4,185890,56,0,,,Fish
AK4,185891,50,0,,,Fish
AK4,185892,36,1,,,Fish
AK4,185893,44,1,,,Fish
AK6,185694,46,0,,,Fish
AK6,185695,43,0,,,Fish
AK6,185696,36,0,,,Fish
AK6,185697,51,0,,,Fish
AK6,185698,48,0,,,Fish
AK6,185699,44,0,,,Fish
AK6,185700,39,0,,,Fish
AK6,185701,40,0,,,Fish
AK6,185702,40,0,,,Fish
AK6,185703,53,1,,,Fish
AK6,185704,38,0,,,Fish
AK6,185705,44,0,,,Fish
AK6,185706,39,0,,,Fish
AK6,185707,52,0,,,Fish
AK6,185708,49,0,,,Fish
AK6,185709,50,0,,,Fish
AK6,185710,55,0,,,Fish
AK6,185711,47,0,,,Fish
AK6,185712,43,0,,,Fish
AK6,185713,41,0,,,Fish
AK6,185714,48,0,,,Fish
AK6,185715,56,0,,,Fish
AK6,185716,48,0,,,Fish
AK6,185717,43,0,,,Fish
AK6,185718,49,0,,,Fish
AK6,185719,45,1,,,Fish
AK6,185720,44,0,,,Fish
AK6,185721,41,0,,,Fish
AK6,185722,39,0,,,Fish
AK6,185723,41,0,,,Fish
AK6,185724,52,0,,,Fish
AK6,185725,46,0,,,Fish
AK6,185726,52,1,,,Fish
AK6,185727,50,0,,,Fish
AK6,185728,53,1,,,Fish
AK6,185729,51,1,,,Fish
AK6,185730,40,0,,,Fish
AK6,185731,39,1,,,Fish
AK6,185732,41,0,,,Fish
AK6,185733,38,0,,,Fish
AK6,185734,56,1,,,Fish
AK6,185735,41,0,,,Fish
AK6,185736,42,0,,,Fish
AK6,185737,40,0,,,Fish
AK6,185738,53,0,,,Fish
AK6,185739,55,0,,,Fish
AK6,185740,47,0,,,Fish
AK6,185741,39,0,,,Fish
AK6,185742,48,1,,,Fish
AK6,185743,48,0,,,Fish
AK7,188301,59,1,,,Fish
AK7,188302,36,1,,,Fish
AK7,188303,43,1,,,Fish
AK7,188304,37,0,,,Fish
AK7,188305,43,0,,,Fish
AK7,188306,49,1,,,Fish
AK7,188307,48,0,,,Fish
AK7,188308,40,0,,,Fish
AK7,188309,38,1,,,Fish
AK7,188310,40,0,,,Fish
AK7,188311,52,0,,,Fish
AK7,188312,62,0,,,Fish
AK7,188313,31,1,,,Fish
AK7,188314,40,0,,,Fish
AK7,188315,55,0,,,Fish
AK7,188316,36,1,,,Fish
AK7,188317,46,0,,,Fish
AK7,188318,56,0,,,Fish
AK7,188319,50,0,,,Fish
AK7,188320,63,1,,,Fish
AK7,188321,46,1,,,Fish
AK7,188322,36,1,,,Fish
AK7,188323,35,1,,,Fish
AK7,188324,52,1,,,Fish
AK7,188325,58,0,,,Fish
AK7,188326,64,1,,,Fish
AK7,188327,35,1,,,Fish
AK7,188328,56,0,,,Fish
AK7,188329,35,1,,,Fish
AK7,188330,47,1,,,Fish
AK7,188331,51,1,,,Fish
AK7,188332,40,1,,,Fish
AK7,188333,36,0,,,Fish
AK7,188334,46,1,,,Fish
AK7,188335,52,1,,,Fish
AK7,188336,57,0,,,Fish
AK7,188337,63,0,,,Fish
AK7,188338,63,0,,,Fish
AK7,188339,38,0,,,Fish
AK7,188340,64,0,,,Fish
AK7,188341,58,0,,,Fish
AK7,188342,45,1,,,Fish
AK7,188343,37,0,,,Fish
AK7,188344,41,0,,,Fish
AK7,188345,48,0,,,Fish
AK7,188346,69,1,,,Fish
AK7,188347,57,1,,,Fish
AK7,188348,39,0,,,Fish
AK7,188349,48,0,,,Fish
AK7,188350,34,1,,,Fish
AK8,185394,52,1,,,Fish
AK8,185395,57,0,,,Fish
AK8,185396,35,1,,,Fish
AK8,185397,34,0,,,Fish
AK8,185398,50,1,,,Fish
AK8,185399,39,1,,,Fish
AK8,185400,58,0,,,Fish
AK8,185401,34,1,,,Fish
AK8,185402,59,1,,,Fish
AK8,185403,35,1,,,Fish
AK8,185404,41,1,,,Fish
AK8,185405,33,1,,,Fish
AK8,185406,29,1,,,Fish
AK8,185407,38,1,,,Fish
AK8,185408,62,1,,,Fish
AK8,185409,28,0,,,Fish
AK8,185410,41,1,,,Fish
AK8,185411,34,1,,,Fish
AK8,185412,29,1,,,Fish
AK8,185413,47,0,,,Fish
AK8,185414,34,1,,,Fish
AK8,185415,35,0,,,Fish
AK8,185416,40,0,,,Fish
AK8,185417,41,0,,,Fish
AK8,185418,45,0,,,Fish
AK8,185419,42,1,,,Fish
AK8,185420,37,1,,,Fish
AK8,185421,34,0,,,Fish
AK8,185422,41,1,,,Fish
AK8,185423,38,0,,,Fish
AK8,185424,53,0,,,Fish
AK8,185425,38,1,,,Fish
AK8,185426,62,0,,,Fish
AK8,185427,39,0,,,Fish
AK8,185428,30,1,,,Fish
AK8,185429,55,1,,,Fish
AK8,185430,30,1,,,Fish
AK8,185431,36,1,,,Fish
AK8,185432,43,1,,,Fish
AK8,185433,28,0,,,Fish
AK8,185434,42,1,,,Fish
AK8,185435,32,1,,,Fish
AK8,185436,35,0,,,Fish
AK8,185437,40,0,,,Fish
AK8,185438,36,1,,,Fish
AK8,185439,36,0,,,Fish
AK8,185440,38,1,,,Fish
AK8,185441,42,0,,,Fish
AK8,185442,38,0,,,Fish
AK8,185443,29,1,,,Fish
AL4,185244,54,0,,,Fish
AL4,185245,58,1,,overnight,Fish
AL4,185246,50,1,,,Fish
AL4,185247,52,0,,,Fish
AL4,185248,64,1,,,Fish
AL4,185249,61,1,,,Fish
AL4,185250,65,1,,,Fish
AL4,185251,61,1,,,Fish
AL4,185252,55,0,,,Fish
AL4,185253,53,1,,,Fish
AL4,185254,51,1,,,Fish
AL4,185255,39,1,,,Fish
AL4,185256,58,1,,overnight,Fish
AL4,185257,58,0,,overnight,Fish
AL4,185258,49,1,,,Fish
AL4,185259,37,1,,,Fish
AL4,185260,39,1,,,Fish
AL4,185261,46,0,,overnight,Fish
AL4,185262,46,0,,overnight,Fish
AL4,185263,52,1,,overnight,Fish
AL4,185264,48,1,,,Fish
AL4,185265,45,0,,,Fish
AL4,185266,50,1,,,Fish
AL4,185267,51,1,,overnight,Fish
AL4,185268,44,1,,,Fish
AL4,185269,35,1,,,Fish
AL4,185270,48,1,,,Fish
AL4,185271,50,0,,,Fish
AL4,185273,49,0,,,Fish
AL4,185274,53,0,,overnight,Fish
AL4,185275,49,1,,overnight,Fish
AL4,185276,43,0,,overnight,Fish
AL4,185277,52,0,,overnight,Fish
AL4,185278,53,0,,overnight,Fish
AL4,185279,55,0,,overnight,Fish
AL4,185280,45,1,,overnight,Fish
AL4,185281,49,0,,overnight,Fish
AL4,185282,55,1,,overnight,Fish
AL4,185283,43,1,,overnight,Fish
AL4,185284,43,0,,overnight,Fish
AL4,185285,52,1,,overnight,Fish
AL4,185286,51,0,,overnight,Fish
AL4,185287,53,0,,overnight,Fish
AL4,185288,52,0,,overnight,Fish
AL4,185289,45,0,,overnight,Fish
AL4,185290,40,1,,overnight,Fish
AL4,185291,40,1,,overnight,Fish
AL4,185292,46,0,,overnight,Fish
AL4,185293,59,0,,overnight,Fish
AL4,185990,43,0,,overnight,Fish
AL4,185991,38,0,,overnight,Fish
AL4,185993,65,1,,overnight,Fish
AP3,190601,42,0,,,Fish
AP3,190602,50,0,,,Fish
AP3,190603,35,1,,,Fish
AP3,190604,40,0,,,Fish
AP3,190605,40,0,,,Fish
AP3,190606,42,0,,,Fish
AP3,190607,,1,,,Fish
AP3,190608,56,1,,,Fish
AP3,190609,35,0,,,Fish
AP3,190610,48,0,,,Fish
AP3,190611,35,1,,,Fish
AP3,190612,44,0,,,Fish
AP3,190613,38,0,,,Fish
AP3,190614,37,0,,,Fish
AP3,190615,49,0,,,Fish
AP3,190616,45,0,,,Fish
AP3,190617,48,1,,,Fish
AP3,190618,41,0,,,Fish
AP3,190619,37,0,,,Fish
AP3,190620,43,0,,,Fish
AP3,190621,44,1,,,Fish
AP3,190622,50,0,,,Fish
AP3,190623,38,0,,,Fish
AP3,190624,46,0,,,Fish
AP3,190625,36,1,,,Fish
AP3,190626,43,0,,,Fish
AP3,190627,37,1,,,Fish
AP3,190628,40,0,,,Fish
AP3,190629,36,0,,,Fish
AP3,190630,53,1,,,Fish
AP3,190631,41,0,,,Fish
AP3,190632,45,1,,,Fish
AP3,190633,46,0,,,Fish
AP3,190634,56,1,,,Fish
AP3,190635,40,0,,,Fish
AP3,190636,37,0,,,Fish
AP3,190637,42,0,,,Fish
AP3,190638,46,0,,,Fish
AP3,190639,40,0,,,Fish
AP3,190640,50,1,,,Fish
AP3,190641,43,0,,,Fish
AP3,190642,48,0,,,Fish
AP3,190643,40,0,,,Fish
AP3,190644,35,0,,,Fish
AP3,190645,43,0,,,Fish
AP3,190646,44,1,,,Fish
AP3,190647,38,0,,,Fish
AP3,190648,42,0,,,Fish
AP3,190649,39,0,,,Fish
AP3,190650,34,1,,,Fish
ERL001,185544,50,0,,,Fish
ERL001,185545,35,0,,,Fish
ERL001,185546,45,0,,,Fish
ERL001,185547,53,1,,,Fish
ERL001,185548,58,1,,,Fish
ERL001,185549,45,0,,,Fish
ERL001,185550,42,1,,,Fish
ERL001,185551,44,1,,,Fish
ERL001,185552,40,0,,,Fish
ERL001,185553,52,0,,,Fish
ERL001,185554,37,1,,,Fish
ERL001,185555,37,1,,,Fish
ERL001,185556,46,0,,,Fish
ERL001,185557,41,0,,,Fish
ERL001,185558,52,1,,,Fish
ERL001,185559,42,0,,,Fish
ERL001,185560,41,0,,,Fish
ERL001,185561,48,0,,,Fish
ERL001,185562,47,0,,,Fish
ERL001,185563,43,0,,,Fish
ERL001,185564,53,0,,,Fish
ERL001,185565,51,0,,,Fish
ERL001,185566,49,0,,,Fish
ERL001,185567,53,0,,,Fish
ERL001,185568,39,1,,,Fish
ERL001,185569,52,1,,,Fish
ERL001,185570,49,0,,,Fish
ERL001,185571,46,0,,,Fish
ERL001,185572,48,0,,,Fish
ERL001,185573,44,0,,,Fish
ERL001,185574,73,1,,,Fish
ERL001,185575,51,1,,,Fish
ERL001,185576,42,0,,,Fish
ERL001,185577,66,0,,,Fish
ERL001,185578,41,0,,,Fish
ERL001,185579,43,1,,,Fish
ERL001,185580,48,1,,,Fish
ERL001,185581,54,1,,,Fish
ERL001,185582,37,0,,,Fish
ERL001,185583,37,0,,,Fish
ERL001,185584,52,0,,,Fish
ERL001,185585,45,1,,,Fish
ERL001,185586,45,0,,,Fish
ERL001,185587,50,1,,,Fish
ERL001,185588,45,0,,,Fish
ERL001,185589,34,0,,,Fish
ERL001,185590,38,1,,,Fish
ERL001,185591,36,0,,,Fish
ERL001,185592,40,0,,,Fish
ERL001,185593,38,1,,,Fish
ERL016,185644,54,0,,,Fish
ERL016,185645,54,1,gravid_female,,Fish
ERL016,185646,50,0,,,Fish
ERL016,185647,45,0,,,Fish
ERL016,185648,51,0,,,Fish
ERL016,185649,40,1,,,Fish
ERL016,185650,47,0,,,Fish
ERL016,185651,47,1,,,Fish
ERL016,185652,50,1,,,Fish
ERL016,185653,41,0,,,Fish
ERL016,185654,49,0,,,Fish
ERL016,185655,52,0,,,Fish
ERL016,185656,47,0,,,Fish
ERL016,185657,57,0,,,Fish
ERL016,185658,50,0,,,Fish
ERL016,185659,45,0,,,Fish
ERL016,185660,49,0,,,Fish
ERL016,185661,46,0,,,Fish
ERL016,185662,50,0,,,Fish
ERL016,185663,52,1,,,Fish
ERL016,185664,43,0,,,Fish
ERL016,185665,45,0,,,Fish
ERL016,185666,50,0,,,Fish
ERL016,185667,45,0,,,Fish
ERL016,185668,51,0,,,Fish
ERL016,185669,48,0,,,Fish
ERL016,185670,52,1,,,Fish
ERL016,185671,43,0,,,Fish
ERL016,185672,44,0,,,Fish
ERL016,185673,53,0,,,Fish
ERL016,185674,53,0,,,Fish
ERL016,185675,51,0,,,Fish
ERL016,185676,45,0,,,Fish
ERL016,185677,51,0,,,Fish
ERL016,185678,47,0,,,Fish
ERL016,185679,40,0,,,Fish
ERL016,185680,70,0,,,Fish
ERL016,185681,50,0,,,Fish
ERL016,185682,54,0,,,Fish
ERL016,185683,44,0,,,Fish
ERL016,185684,53,0,,,Fish
ERL016,185685,47,0,,,Fish
ERL016,185686,49,1,,,Fish
ERL016,185687,45,0,,,Fish
ERL016,185688,59,1,,,Fish
ERL016,185689,62,0,,,Fish
ERL016,185690,56,0,,,Fish
ERL016,185691,42,0,,,Fish
ERL016,185692,45,0,,,Fish
ERL016,185693,51,0,,,Fish
ERL017,186967,45,0,,,Fish
ERL017,186968,55,0,,,Fish
ERL017,186969,45,1,,,Fish
ERL017,186970,60,0,,,Fish
ERL017,186971,42,0,,,Fish
ERL017,186972,43,0,,,Fish
ERL017,186973,54,0,,,Fish
ERL017,186974,53,0,,,Fish
ERL017,186975,37,0,,,Fish
ERL017,186976,37,0,,,Fish
ERL017,186977,45,0,,,Fish
ERL017,186978,43,0,,,Fish
ERL017,186979,48,0,,,Fish
ERL017,186980,49,0,,,Fish
ERL017,186981,55,0,,,Fish
ERL017,186982,48,0,,,Fish
ERL017,186983,48,0,,,Fish
ERL017,186984,49,1,,,Fish
ERL017,186985,46,0,,,Fish
ERL017,186986,40,0,,,Fish
ERL017,186987,52,0,,,Fish
ERL017,186988,40,0,,,Fish
ERL017,186989,49,0,,,Fish
ERL017,186990,45,0,,,Fish
ERL017,186991,45,0,,,Fish
ERL017,186992,43,0,,,Fish
ERL017,186993,44,0,,,Fish
ERL017,186994,51,0,,,Fish
ERL017,186995,48,0,,,Fish
ERL017,186996,56,0,,,Fish
ERL017,186997,46,0,,,Fish
ERL017,186998,44,0,,,Fish
ERL017,186999,46,0,,,Fish
ERL017,187000,40,0,,,Fish
ERL017,187001,51,0,,,Fish
ERL017,187002,49,0,,,Fish
ERL017,187003,51,0,,,Fish
ERL017,187004,44,0,,,Fish
ERL017,187005,39,0,,,Fish
ERL017,187006,44,0,,,Fish
ERL017,187007,75,0,,,Fish
ERL017,187008,55,0,,,Fish
ERL017,187009,50,0,,,Fish
ERL017,187010,47,0,,,Fish
ERL017,187011,50,0,,,Fish
ERL017,187012,55,0,,,Fish
ERL017,187013,47,0,,,Fish
ERL017,187014,42,0,,,Fish
ERL017,187015,38,0,,,Fish
ERL017,187016,41,0,,,Fish
ERL065,190351,64,,Fish_poorly_preserved,,Fish
ERL065,190352,60,,Fish_poorly_preserved,,Fish
ERL065,190353,49,,Fish_poorly_preserved,,Fish
ERL065,190354,60,,Fish_poorly_preserved,,Fish
ERL065,190355,59,,Fish_poorly_preserved,,Fish
ERL065,190356,57,,Fish_poorly_preserved,,Fish
ERL065,190357,61,,Fish_poorly_preserved,,Fish
ERL065,190358,53,,Fish_poorly_preserved,,Fish
ERL065,190359,57,,Fish_poorly_preserved,,Fish
ERL065,190360,77,,Fish_poorly_preserved,,Fish
ERL065,190361,61,,Fish_poorly_preserved,,Fish
ERL065,190362,63,,Fish_poorly_preserved,,Fish
ERL065,190363,59,,Fish_poorly_preserved,,Fish
ERL065,190364,60,,Fish_poorly_preserved,,Fish
ERL065,190365,60,,Fish_poorly_preserved,,Fish
ERL065,190366,42,,Fish_poorly_preserved,,Fish
ERL065,190367,56,,Fish_poorly_preserved,,Fish
ERL065,190368,55,,Fish_poorly_preserved,,Fish
ERL065,190369,67,,Fish_poorly_preserved,,Fish
ERL065,190370,54,,Fish_poorly_preserved,,Fish
ERL065,190371,56,,Fish_poorly_preserved,,Fish
ERL065,190372,60,,Fish_poorly_preserved,,Fish
ERL065,190373,46,,Fish_poorly_preserved,,Fish
ERL065,190374,58,,Fish_poorly_preserved,,Fish
ERL065,190375,45,,Fish_poorly_preserved,,Fish
ERL065,190376,48,,Fish_poorly_preserved,,Fish
ERL065,190377,64,,Fish_poorly_preserved,,Fish
ERL065,190378,52,,Fish_poorly_preserved,,Fish
ERL065,190379,58,,Fish_poorly_preserved,,Fish
ERL065,190380,50,,Fish_poorly_preserved,,Fish
ERL065,190381,56,,Fish_poorly_preserved,,Fish
ERL065,190382,44,,Fish_poorly_preserved,,Fish
ERL065,190383,58,,Fish_poorly_preserved,,Fish
ERL065,190384,53,,Fish_poorly_preserved,,Fish
ERL065,190385,65,,Fish_poorly_preserved,,Fish
ERL065,190386,64,,Fish_poorly_preserved,,Fish
ERL065,190387,60,,Fish_poorly_preserved,,Fish
ERL065,190388,58,,Fish_poorly_preserved,,Fish
ERL065,190389,68,,Fish_poorly_preserved,,Fish
ERL065,190390,61,,Fish_poorly_preserved,,Fish
ERL065,190391,58,,Fish_poorly_preserved,,Fish
ERL065,190392,46,,Fish_poorly_preserved,,Fish
ERL065,190393,60,,Fish_poorly_preserved,,Fish
ERL065,190394,52,,Fish_poorly_preserved,,Fish
ERL065,190395,52,,Fish_poorly_preserved,,Fish
ERL065,190396,62,,Fish_poorly_preserved,,Fish
ERL065,190397,58,,Fish_poorly_preserved,,Fish
ERL065,190398,57,,Fish_poorly_preserved,,Fish
ERL065,190399,49,,Fish_poorly_preserved,,Fish
ERL065,190400,59,,Fish_poorly_preserved,,Fish
ERL124,190501,39,1,,,Fish
ERL124,190502,39,0,,,Fish
ERL124,190503,56,0,,,Fish
ERL124,190504,37,0,,,Fish
ERL124,190505,39,0,,,Fish
ERL124,190506,57,0,,,Fish
ERL124,190507,41,0,,,Fish
ERL124,190508,39,0,,,Fish
ERL124,190509,36,1,,,Fish
ERL124,190510,38,0,,,Fish
ERL124,190511,52,0,,,Fish
ERL124,190512,43,0,,,Fish
ERL124,190513,39,1,,,Fish
ERL124,190514,55,0,,,Fish
ERL124,190515,46,1,,,Fish
ERL124,190516,36,0,,,Fish
ERL124,190517,50,0,,,Fish
ERL124,190518,39,0,,,Fish
ERL124,190519,39,0,,,Fish
ERL124,190520,35,0,,,Fish
ERL124,190521,47,0,,,Fish
ERL124,190522,68,0,,,Fish
ERL124,190523,39,1,,,Fish
ERL124,190524,63,0,,,Fish
ERL124,190525,41,1,,,Fish
ERL124,190526,36,0,,,Fish
ERL124,190527,38,1,,,Fish
ERL124,190528,36,1,,,Fish
ERL124,190529,39,1,,,Fish
ERL124,190530,45,0,,,Fish
ERL124,190531,53,0,,,Fish
ERL124,190532,35,1,,,Fish
ERL124,190533,43,1,,,Fish
ERL124,190534,52,0,,,Fish
ERL124,190535,30,0,Fish_poorly_preserved_replaced_with_large_ind,,Fish
ERL124,190536,39,0,,,Fish
ERL124,190537,51,0,,,Fish
ERL124,190538,40,1,,,Fish
ERL124,190539,41,1,,,Fish
ERL124,190540,43,0,,,Fish
ERL124,190541,32,1,,,Fish
ERL124,190542,36,1,,,Fish
ERL124,190543,44,1,,,Fish
ERL124,190544,44,0,,,Fish
ERL124,190545,40,1,,,Fish
ERL124,190546,39,0,,,Fish
ERL124,190547,60,0,,,Fish
ERL124,190548,39,1,,,Fish
ERL124,190549,41,1,,,Fish
ERL124,190550,42,0,,,Fish
ERL124,205757,,0,,additional large fish,Fish
ERL124,205758,,0,,additional large fish,Fish
ERL124,205759,,0,,additional large fish,Fish
ERL124,205760,,0,,additional large fish,Fish
ERL125,190651,45,0,,,Fish
ERL125,190652,47,0,,,Fish
ERL125,190653,55,0,,,Fish
ERL125,190654,43,0,,,Fish
ERL125,190655,49,0,,,Fish
ERL125,190656,48,0,,,Fish
ERL125,190657,50,0,,,Fish
ERL125,190658,41,0,,,Fish
ERL125,190659,48,0,,,Fish
ERL125,190660,44,0,,,Fish
ERL125,190661,45,0,,,Fish
ERL125,190662,44,0,,,Fish
ERL125,190663,44,0,,,Fish
ERL125,190664,44,0,,,Fish
ERL125,190665,44,0,,,Fish
ERL125,190666,47,0,,,Fish
ERL125,190667,47,0,,,Fish
ERL125,190668,41,0,,,Fish
ERL125,190669,58,0,,,Fish
ERL125,190670,37,0,,,Fish
ERL125,190671,39,1,,,Fish
ERL125,190672,54,0,,,Fish
ERL125,190673,48,0,,,Fish
ERL125,190674,47,0,,,Fish
ERL125,190675,47,0,,,Fish
ERL125,190676,52,0,,,Fish
ERL125,190677,44,0,,,Fish
ERL125,190678,47,0,,,Fish
ERL125,190679,47,0,,,Fish
ERL125,190680,49,0,,,Fish
ERL125,190681,49,0,,,Fish
ERL125,190682,46,0,,,Fish
ERL125,190683,48,0,,,Fish
ERL125,190684,49,0,,,Fish
ERL125,190685,49,0,,,Fish
ERL125,190686,48,0,,,Fish
ERL125,190687,50,0,,,Fish
ERL125,190688,48,0,,,Fish
ERL125,190689,53,0,,,Fish
ERL125,190690,46,0,,,Fish
ERL125,190691,50,0,,,Fish
ERL125,190692,44,0,,,Fish
ERL125,190693,39,0,,,Fish
ERL125,190694,53,0,,,Fish
ERL125,190695,49,0,,,Fish
ERL125,190696,38,0,,,Fish
ERL125,190697,46,0,,,Fish
ERL125,190698,38,0,,,Fish
ERL125,190699,50,0,,,Fish
ERL125,190700,49,0,,,Fish
ERL137,190251,53,0,,,Fish
ERL137,190252,59,1,,,Fish
ERL137,190253,54,0,,,Fish
ERL137,190254,65,1,,,Fish
ERL137,190255,48,1,,,Fish
ERL137,190256,54,1,,,Fish
ERL137,190257,63,1,,,Fish
ERL137,190258,56,0,,,Fish
ERL137,190259,56,0,,,Fish
ERL137,190260,49,0,,,Fish
ERL137,190261,59,0,,,Fish
ERL137,190262,58,0,,,Fish
ERL137,190263,51,1,,,Fish
ERL137,190264,60,1,,,Fish
ERL137,190265,59,1,gravid_female,,Fish
ERL137,190266,50,1,,,Fish
ERL137,190267,59,0,,,Fish
ERL137,190268,52,0,,,Fish
ERL137,190269,55,1,,,Fish
ERL137,190270,52,0,,,Fish
ERL137,190271,59,0,,,Fish
ERL137,190272,48,0,,,Fish
ERL137,190273,56,1,,,Fish
ERL137,190274,56,1,,,Fish
ERL137,190275,61,1,,,Fish
ERL137,190276,51,1,,,Fish
ERL137,190277,52,0,,,Fish
ERL137,190278,55,0,,,Fish
ERL137,190279,52,0,,,Fish
ERL137,190280,43,0,,,Fish
ERL137,190281,55,1,,,Fish
ERL137,190282,51,0,,,Fish
ERL137,190283,57,1,,,Fish
ERL137,190284,51,0,,,Fish
ERL137,190285,59,1,,,Fish
ERL137,190286,55,0,,,Fish
ERL137,190287,50,1,,,Fish
ERL137,190288,54,0,,,Fish
ERL137,190289,54,0,,,Fish
ERL137,190290,56,0,,,Fish
ERL137,190291,57,0,gravid_female,,Fish
ERL137,190292,49,0,,,Fish
ERL137,190293,51,0,,,Fish
ERL137,190294,55,1,,,Fish
ERL137,190295,53,1,,,Fish
ERL137,190296,52,1,,,Fish
ERL137,190297,53,0,,,Fish
ERL137,190298,53,0,,,Fish
ERL137,190299,51,1,,,Fish
ERL137,190300,53,0,,,Fish
ERL138,190401,54,1,,,Fish
ERL138,190402,50,0,,,Fish
ERL138,190403,39,1,,,Fish
ERL138,190404,38,1,,,Fish
ERL138,190405,56,1,,,Fish
ERL138,190406,74,0,,,Fish
ERL138,190407,48,1,,,Fish
ERL138,190408,39,0,,,Fish
ERL138,190409,53,1,,,Fish
ERL138,190410,45,0,,,Fish
ERL138,190411,54,1,,,Fish
ERL138,190412,46,1,,,Fish
ERL138,190413,40,1,,,Fish
ERL138,190414,64,1,,,Fish
ERL138,190415,57,1,,,Fish
ERL138,190416,80,1,,,Fish
ERL138,190417,64,1,,,Fish
ERL138,190418,59,0,,,Fish
ERL138,190419,55,1,,,Fish
ERL138,190420,37,0,,,Fish
ERL138,190421,45,1,,,Fish
ERL138,190422,33,1,,,Fish
ERL138,190423,40,1,,,Fish
ERL138,190424,65,1,,,Fish
ERL138,190425,68,1,,,Fish
ERL138,190426,42,0,,,Fish
ERL138,190427,52,1,,,Fish
ERL138,190428,40,1,,,Fish
ERL138,190429,47,1,,,Fish
ERL138,190430,49,1,,,Fish
ERL138,190431,45,0,,,Fish
ERL138,190432,44,1,,,Fish
ERL138,190433,76,1,,,Fish
ERL138,190434,63,1,,,Fish
ERL138,190435,50,1,,,Fish
ERL138,190436,50,1,,,Fish
ERL138,190437,53,1,,,Fish
ERL138,190438,40,1,,,Fish
ERL138,190439,36,1,,,Fish
ERL138,190440,48,1,,,Fish
ERL138,190441,55,1,,,Fish
ERL138,190442,56,1,,,Fish
ERL138,190443,43,1,,,Fish
ERL138,190444,39,1,,,Fish
ERL138,190445,42,1,,,Fish
ERL138,190446,56,1,,,Fish
ERL138,190447,62,1,,,Fish
ERL138,190448,38,1,,,Fish
ERL138,190449,35,1,,,Fish
ERL138,190450,48,1,,,Fish
ERL153,186794,39,0,,no picture,Fish
ERL153,186795,39,0,,,Fish
ERL153,186796,40,0,,no picture,Fish
ERL153,186797,38,0,,no picture,Fish
ERL153,186798,39,0,,,Fish
ERL153,186799,40,0,,no picture,Fish
ERL153,186800,39,0,,no picture,Fish
ERL153,186801,38,0,,no picture,Fish
ERL153,186802,40,0,,,Fish
ERL153,186803,40,0,,,Fish
ERL153,186804,43,0,,,Fish
ERL153,186805,40,0,,no picture,Fish
ERL153,186806,41,0,,,Fish
ERL153,186807,38,0,,,Fish
ERL153,186809,37,0,,,Fish
ERL153,186810,56,0,,no picture,Fish
ERL153,186811,41,0,,,Fish
ERL153,186812,41,0,,no picture,Fish
ERL153,186813,38,0,,,Fish
ERL153,186814,47,0,,no picture,Fish
ERL153,186815,37,0,,,Fish
ERL153,186816,38,0,,,Fish
ERL153,186817,41,0,,,Fish
ERL153,186818,47,0,,,Fish
ERL153,186819,38,0,,,Fish
ERL153,186820,36,0,,,Fish
ERL153,186821,38,0,,,Fish
ERL153,186822,38,0,,,Fish
ERL153,186823,37,0,,,Fish
ERL153,186824,40,0,,,Fish
ERL153,186825,40,0,,,Fish
ERL153,186826,40,0,,,Fish
ERL153,186827,38,0,,,Fish
ERL153,186828,47,0,,,Fish
ERL153,186829,39,0,,,Fish
ERL153,186830,39,0,,no picture,Fish
ERL153,186831,49,0,,no picture,Fish
ERL153,186832,41,0,,no picture,Fish
ERL153,186833,40,0,,no picture,Fish
ERL153,186834,43,0,,no picture,Fish
ERL153,186835,39,0,,,Fish
ERL153,186836,40,0,,no picture,Fish
ERL153,186837,40,0,,,Fish
ERL153,186838,39,0,,no picture,Fish
ERL153,186839,41,0,,,Fish
ERL153,186840,41,0,,no picture,Fish
ERL153,186841,39,0,,,Fish
ERL153,186842,40,0,,,Fish
ERL153,186843,41,0,,no picture,Fish
ERL033,185494,53.38,0,,,Fish
ERL033,185495,39.58,0,,,Fish
ERL033,185496,39.67,0,,,Fish
ERL033,185497,40.9,0,,,Fish
ERL033,185498,35.64,0,,,Fish
ERL033,185499,37.67,0,,,Fish
ERL033,185500,40.29,0,,,Fish
ERL033,185501,40.78,0,,,Fish
ERL033,185502,40.21,0,,,Fish
ERL033,185503,41.64,0,,,Fish
ERL033,185504,41.84,0,,,Fish
ERL033,185505,36.93,0,,,Fish
ERL033,185506,40.52,0,,,Fish
ERL033,185507,47.47,0,,,Fish
ERL033,185508,42.7,0,,,Fish
ERL033,185509,43.9,0,,,Fish
ERL033,185510,48.16,0,,,Fish
ERL033,185511,35.34,0,,,Fish
ERL033,185512,48.99,0,,,Fish
ERL033,185513,37.61,0,,,Fish
ERL033,185514,43.66,0,,,Fish
ERL033,185515,39.62,0,,,Fish
ERL033,185516,37.45,0,,,Fish
ERL033,185517,44.01,0,,,Fish
ERL033,185518,36.86,0,,,Fish
ERL033,185519,44.24,0,,,Fish
ERL033,185520,40.92,0,,,Fish
ERL033,185521,34.91,0,,,Fish
ERL033,185522,38.25,0,,,Fish
ERL033,185523,36.92,0,,,Fish
ERL033,185524,39.82,0,,,Fish
ERL033,185525,51.2,0,,,Fish
ERL033,185526,33.01,0,,,Fish
ERL033,185527,38.31,0,,,Fish
ERL033,185528,54.75,0,,,Fish
ERL033,185529,49.04,0,,,Fish
ERL033,185530,43.36,0,,,Fish
ERL033,185531,36.83,0,,,Fish
ERL033,185532,36.02,0,,,Fish
ERL033,185533,37.23,0,,,Fish
ERL033,185534,48.52,0,,,Fish
ERL033,185535,48.47,0,,,Fish
ERL033,185536,38.21,0,,,Fish
ERL033,185537,49.97,0,,,Fish
ERL033,185538,42.35,0,,,Fish
ERL033,185539,49.67,0,,,Fish
ERL033,185540,49.58,0,,(186555 186556),Fish
ERL033,185541,34.95,0,,,Fish
ERL033,185542,43.35,0,,,Fish
ERL033,185543,37.66,0,,,Fish
ERL006,185194,42,0,,,Fish
ERL006,185195,38,0,,,Fish
ERL006,185196,53,0,,,Fish
ERL006,185197,46,0,,,Fish
ERL006,185198,41,0,,,Fish
ERL006,185199,71,0,,,Fish
ERL006,185200,34,0,,,Fish
ERL006,185201,40,0,,,Fish
ERL006,185202,55,0,,,Fish
ERL006,185203,37,1,,,Fish
ERL006,185204,40,1,,,Fish
ERL006,185205,38,0,,,Fish
ERL006,185206,40,0,,,Fish
ERL006,185207,39,1,,,Fish
ERL006,185208,42,0,,,Fish
ERL006,185209,40,1,,,Fish
ERL006,185210,41,1,,,Fish
ERL006,185211,38,1,,,Fish
ERL006,185212,36,0,,,Fish
ERL006,185213,38,1,,,Fish
ERL006,185214,41,0,,,Fish
ERL006,185215,41,0,,,Fish
ERL006,185216,40,0,,,Fish
ERL006,185217,38,0,,,Fish
ERL006,185218,41,1,,,Fish
ERL006,185219,46,0,,,Fish
ERL006,185220,36,0,,,Fish
ERL006,185221,36,1,,,Fish
ERL006,185222,42,0,,,Fish
ERL006,185223,39,0,,,Fish
ERL006,185224,40,0,,,Fish
ERL006,185225,36,0,,,Fish
ERL006,185226,39,1,,,Fish
ERL006,185227,42,0,,,Fish
ERL006,185228,42,0,,,Fish
ERL006,185229,42,0,,,Fish
ERL006,185230,39,1,,,Fish
ERL006,185231,42,0,,,Fish
ERL006,185232,46,0,,,Fish
ERL006,185233,38,0,,,Fish
ERL006,185234,40,0,,,Fish
ERL006,185235,44,0,,,Fish
ERL006,185236,37,1,,,Fish
ERL006,185237,37,0,,,Fish
ERL006,185238,36,0,,,Fish
ERL006,185239,38,0,,,Fish
ERL006,185240,40,0,,,Fish
ERL006,185241,38,0,,,Fish
ERL006,185242,39,0,,,Fish
ERL006,185243,38,0,,,Fish
ERL060,190451,49.61,0,,,Fish
ERL060,190452,45.61,0,,,Fish
ERL060,190453,46.24,0,,,Fish
ERL060,190454,49.31,0,,,Fish
ERL060,190455,48.75,0,,,Fish
ERL060,190456,46.29,0,,,Fish
ERL060,190457,47.11,0,,,Fish
ERL060,190458,44.6,0,,,Fish
ERL060,190459,46.06,0,,,Fish
ERL060,190460,42,0,,,Fish
ERL060,190461,50.66,0,,,Fish
ERL060,190462,49,0,,,Fish
ERL060,190463,51.44,0,,,Fish
ERL060,190464,47,0,,,Fish
ERL060,190465,47,0,,,Fish
ERL060,190466,46,0,,,Fish
ERL060,190467,43,0,,,Fish
ERL060,190468,39,0,,,Fish
ERL060,190469,46,0,,,Fish
ERL060,190470,47.98,0,,,Fish
ERL060,190471,50,0,,,Fish
ERL060,190472,41,0,,,Fish
ERL060,190473,45,0,,,Fish
ERL060,190474,41,0,,,Fish
ERL060,190475,36,0,,,Fish
ERL060,190476,,0,,"plus 1 missing, but processed",Fish
ERL060,190477,49,0,,,Fish
ERL060,190478,43,0,,,Fish
ERL060,190479,54,0,,,Fish
ERL060,190480,46,0,,,Fish
ERL060,190481,51,0,,,Fish
ERL060,190482,44.18,0,,,Fish
ERL060,190483,44,0,,,Fish
ERL060,190484,42,0,,,Fish
ERL060,190485,46,0,,,Fish
ERL060,190486,53,0,,,Fish
ERL060,190487,55.08,0,,,Fish
ERL060,190488,46.74,0,,,Fish
ERL060,190489,44.21,0,,,Fish
ERL060,190490,46,0,,,Fish
ERL060,190491,45.57,0,,,Fish
ERL060,190492,53.04,0,,,Fish
ERL060,190493,46,0,,,Fish
ERL060,190494,47,0,,,Fish
ERL060,190495,55,0,,,Fish
ERL060,190496,49,0,,,Fish
ERL060,190497,47.07,0,,,Fish
ERL060,190498,48,0,,,Fish
ERL060,190499,47,0,,,Fish
ERL060,190500,43.35,0,,,Fish
ERL067,186744,60,1,,,Fish
ERL067,186745,37,1,,,Fish
ERL067,186746,55,1,,,Fish
ERL067,186747,61,1,,,Fish
ERL067,186748,58,0,,,Fish
ERL067,186749,49,0,,,Fish
ERL067,186750,64,1,,,Fish
ERL067,186751,44,1,,,Fish
ERL067,186752,55,0,,,Fish
ERL067,186753,55,0,,,Fish
ERL067,186754,60,0,,,Fish
ERL067,186755,40,0,,,Fish
ERL067,186756,53,1,,,Fish
ERL067,186757,41,1,,,Fish
ERL067,186758,72,1,,,Fish
ERL067,186759,56,1,,,Fish
ERL067,186760,53,0,,,Fish
ERL067,186761,54,0,,,Fish
ERL067,186762,60,0,,,Fish
ERL067,186763,75,1,,,Fish
ERL067,186764,49,1,,,Fish
ERL067,186765,67,1,,,Fish
ERL067,186766,41,1,,,Fish
ERL067,186767,39,1,,,Fish
ERL067,186768,75,1,gravid_female,,Fish
ERL067,186769,60,0,,,Fish
ERL067,186770,50,1,,,Fish
ERL067,186771,49,1,,,Fish
ERL067,186772,56,1,,,Fish
ERL067,186773,38,0,,,Fish
ERL067,186774,66,0,,,Fish
ERL067,186775,59,0,,,Fish
ERL067,186776,60,0,,,Fish
ERL067,186777,66,1,,,Fish
ERL067,186778,59,1,,,Fish
ERL067,186779,47,0,,,Fish
ERL067,186780,61,1,,,Fish
ERL067,186781,44,0,,,Fish
ERL067,186782,59,1,,,Fish
ERL067,186783,52,1,,,Fish
ERL067,186784,53,1,,,Fish
ERL067,186785,47,1,,,Fish
ERL067,186786,62,1,,,Fish
ERL067,186787,63,1,,,Fish
ERL067,186788,56,0,,,Fish
ERL067,186789,40,1,,,Fish
ERL067,186790,68,1,,,Fish
ERL067,186791,57,1,,,Fish
ERL067,186792,56,1,,,Fish
ERL067,186793,47,1,,,Fish
ERL084,190001,40,0,,,Fish
ERL084,190002,41,0,,,Fish
ERL084,190003,64,0,,,Fish
ERL084,190004,39,0,,,Fish
ERL084,190005,36,0,,,Fish
ERL084,190006,47,1,,,Fish
ERL084,190007,40,0,,,Fish
ERL084,190008,39,0,,,Fish
ERL084,190009,39,0,,,Fish
ERL084,190010,42,0,,,Fish
ERL084,190011,40,0,,,Fish
ERL084,190012,37,0,,,Fish
ERL084,190013,36,0,,,Fish
ERL084,190014,46,0,,,Fish
ERL084,190015,37,0,,,Fish
ERL084,190016,36,0,,,Fish
ERL084,190017,43,0,,,Fish
ERL084,190018,38,0,,,Fish
ERL084,190019,55,0,,,Fish
ERL084,190020,37,0,,,Fish
ERL084,190021,39,0,,,Fish
ERL084,190022,37,0,,,Fish
ERL084,190023,37,0,,,Fish
ERL084,190024,40,0,,,Fish
ERL084,190025,42,0,,,Fish
ERL084,190026,38,0,,,Fish
ERL084,190027,36,0,,,Fish
ERL084,190028,45,0,,,Fish
ERL084,190029,36,0,,,Fish
ERL084,190030,39,0,,,Fish
ERL084,190031,40,0,,,Fish
ERL084,190032,41,0,,,Fish
ERL084,190033,39,0,,,Fish
ERL084,190034,44,0,,,Fish
ERL084,190035,38,0,,,Fish
ERL084,190036,39,0,,,Fish
ERL084,190037,37,0,,,Fish
ERL084,190038,39,0,,,Fish
ERL084,190039,38,0,,,Fish
ERL084,190040,36,0,,,Fish
ERL084,190041,41,0,,,Fish
ERL084,190042,37,0,,,Fish
ERL084,190043,41,0,,,Fish
ERL084,190044,44,0,,,Fish
ERL084,190045,36,0,,,Fish
ERL084,190046,36,0,,,Fish
ERL084,190047,37,0,,,Fish
ERL084,190048,40,0,,,Fish
ERL084,190049,36,0,,,Fish
ERL084,190050,38,0,,,Fish
L26,185144,44.84,0,,,Fish
L26,185145,38.11,1,,,Fish
L26,185146,48.76,0,,,Fish
L26,185147,40.1,0,,,Fish
L26,185148,47.8,0,,,Fish
L26,185149,52.76,0,,,Fish
L26,185150,42.07,0,,,Fish
L26,185151,40.9,0,,,Fish
L26,185152,57.56,0,,,Fish
L26,185153,54.25,0,,,Fish
L26,185154,44.04,0,,picture 185144,Fish
L26,185155,51.51,0,,,Fish
L26,185156,39.31,0,,,Fish
L26,185157,41.62,0,,,Fish
L26,185158,47.34,0,,,Fish
L26,185159,55.43,0,,,Fish
L26,185160,39.56,0,,,Fish
L26,185161,49.97,0,,,Fish
L26,185162,42.89,0,,,Fish
L26,185163,41.11,0,,,Fish
L26,185164,45.43,0,,,Fish
L26,185165,39.21,0,,,Fish
L26,185166,61.19,0,,,Fish
L26,185167,55.48,0,,,Fish
L26,185168,43.93,0,,,Fish
L26,185169,49.32,0,,,Fish
L26,185170,50.86,0,,,Fish
L26,185171,47.01,0,,,Fish
L26,185172,59.66,0,,,Fish
L26,185173,45.41,0,,,Fish
L26,185174,37.96,0,,,Fish
L26,185175,42.95,0,,,Fish
L26,185176,40.34,0,,,Fish
L26,185177,39.39,0,,,Fish
L26,185178,43.38,0,,,Fish
L26,185179,42.3,0,,,Fish
L26,185180,36.5,0,,,Fish
L26,185181,43.3,0,,,Fish
L26,185182,38.56,0,,,Fish
L26,185183,39.96,0,,,Fish
L26,185184,39.61,0,,,Fish
L26,185185,51.24,0,,,Fish
L26,185186,45.75,0,,,Fish
L26,185187,39.34,0,,,Fish
L26,185188,61.77,0,,,Fish
L26,185189,47.27,0,,,Fish
L26,185190,51.66,0,,,Fish
L26,185191,55.56,0,,,Fish
L26,185192,52.42,0,,,Fish
L26,185193,59.78,0,,(186553 186554),Fish
TUL10,190701,42,1,,,Fish
TUL10,190702,41,0,,,Fish
TUL10,190703,40,1,,,Fish
TUL10,190704,39,1,,,Fish
TUL10,190705,41,0,,,Fish
TUL10,190706,40,1,,,Fish
TUL10,190707,46,1,,,Fish
TUL10,190708,34,1,,,Fish
TUL10,190709,38,1,,,Fish
TUL10,190710,37,1,,,Fish
TUL10,190711,46,1,,,Fish
TUL10,190712,35,1,,,Fish
TUL10,190713,39,1,,,Fish
TUL10,190714,46,1,,,Fish
TUL10,190715,66,0,,,Fish
TUL10,190716,43,1,,,Fish
TUL10,190717,42,1,,,Fish
TUL10,190718,43,1,,,Fish
TUL10,190719,32,1,,,Fish
TUL10,190720,39,0,,,Fish
TUL10,190721,41,1,,,Fish
TUL10,190722,40,1,,,Fish
TUL10,190723,37,0,,,Fish
TUL10,190724,32,1,,,Fish
TUL10,190725,43,1,,,Fish
TUL10,190726,32,0,,,Fish
TUL10,190727,32,1,,,Fish
TUL10,190728,31,1,,,Fish
TUL10,190729,37,0,,,Fish
TUL10,190730,34,1,,,Fish
TUL10,190731,37,1,,,Fish
TUL10,190732,41,1,,,Fish
TUL10,190733,42,1,,,Fish
TUL10,190734,37,1,,,Fish
TUL10,190735,42,1,,,Fish
TUL10,190736,36,1,,,Fish
TUL10,190737,36,0,,,Fish
TUL10,190738,41,1,,,Fish
TUL10,190739,42,1,,,Fish
TUL10,190740,40,1,,,Fish
TUL10,190741,45,0,,,Fish
TUL10,190742,35,1,,,Fish
TUL10,190743,39,0,,,Fish
TUL10,190744,34,1,,,Fish
TUL10,190745,35,1,,,Fish
TUL10,190746,42,1,,,Fish
TUL10,190747,32,0,,,Fish
TUL10,190748,35,1,,,Fish
TUL10,190749,37,1,,,Fish
TUL10,190750,42,1,,,Fish
TUL6,186691,,1,,,Fish
TUL6,186692,49,1,,,Fish
TUL6,186693,43,1,,,Fish
TUL6,186694,57,1,gravid_female,,Fish
TUL6,186695,37,0,,,Fish
TUL6,186696,54,0,,,Fish
TUL6,186697,57,0,,,Fish
TUL6,186698,52,1,,"river delta, hand caught / some mistakes with FishEc N° (see note on datasheet)",Fish
TUL6,186699,52,1,,,Fish
TUL6,186700,44,1,,,Fish
TUL6,186701,39,1,,,Fish
TUL6,186702,78,0,,river delta,Fish
TUL6,186703,46,1,,"river delta, hand caught",Fish
TUL6,186704,58,1,,,Fish
TUL6,186705,45,0,,"river delta, hand caught",Fish
TUL6,186706,53,1,,river delta,Fish
TUL6,186707,55,0,,,Fish
TUL6,186708,39,0,,,Fish
TUL6,186709,46,1,,,Fish
TUL6,186710,52,1,,,Fish
TUL6,186711,59,1,,,Fish
TUL6,186712,57,1,,,Fish
TUL6,186713,66,0,,,Fish
TUL6,186714,63,0,,,Fish
TUL6,186715,54,0,,,Fish
TUL6,186716,48,1,,,Fish
TUL6,186717,45,0,,,Fish
TUL6,186718,74,1,,,Fish
TUL6,186719,35,1,,,Fish
TUL6,186720,41,0,,,Fish
TUL6,186721,39,1,,,Fish
TUL6,186722,57,0,,,Fish
TUL6,186723,41,1,,,Fish
TUL6,186724,43,0,,,Fish
TUL6,186725,55,1,,,Fish
TUL6,186726,58,0,,,Fish
TUL6,186727,55,0,,,Fish
TUL6,186728,49,0,,,Fish
TUL6,186729,42,1,,,Fish
TUL6,186730,45,1,,,Fish
TUL6,186731,41,0,,,Fish
TUL6,186732,51,1,,,Fish
TUL6,186733,25,0,,,Fish
TUL6,186734,46,1,,,Fish
TUL6,186735,39,0,,,Fish
TUL6,186736,54,1,,,Fish
TUL6,186737,54,1,,,Fish
TUL6,186738,37,0,,"river delta, hand caught",Fish
TUL6,186739,61,1,,"river delta, hand caught",Fish
TUL6,186740,49,1,,,Fish
TUL6,186741,46,1,,,Fish
TUL8,190809,35,1,,,Fish
TUL8,190810,52,0,,,Fish
TUL8,190811,40,0,,,Fish
TUL8,190812,39,0,,,Fish
TUL8,190813,44,0,,,Fish
TUL8,190814,39,0,,,Fish
TUL8,190815,37,1,,,Fish
TUL8,190816,36,1,,,Fish
TUL8,190817,44,0,,,Fish
TUL8,190818,41,1,,,Fish
TUL8,190819,41,0,,,Fish
TUL8,190820,41,1,,,Fish
TUL8,190821,44,0,,,Fish
TUL8,190822,56,1,,,Fish
TUL8,190823,42,1,,,Fish
TUL8,190824,49,0,,,Fish
TUL8,190825,39,1,,,Fish
TUL8,190826,46,0,,,Fish
TUL8,190827,50,1,,,Fish
TUL8,190828,39,1,,,Fish
TUL8,190829,38,0,,,Fish
TUL8,190830,58,1,,,Fish
TUL8,190831,46,1,,,Fish
TUL8,190832,48,0,,,Fish
TUL8,190833,45,1,,,Fish
TUL8,190834,47,0,,,Fish
TUL8,190835,45,0,,,Fish
TUL8,190836,47,0,,,Fish
TUL8,190837,56,1,,,Fish
TUL8,190838,45,0,,,Fish
TUL8,190839,40,1,,,Fish
TUL8,190840,43,1,,,Fish
TUL8,190841,53,0,,,Fish
TUL8,190842,47,1,,,Fish
TUL8,190843,47,0,,,Fish
TUL8,190844,39,1,,,Fish
TUL8,190845,36,1,,,Fish
TUL8,190846,47,0,,,Fish
TUL8,190847,42,1,,,Fish
TUL8,190848,51,0,,,Fish
TUL8,190849,46,0,,,Fish
TUL8,190850,42,0,,,Fish
TUL8,190851,49,1,,,Fish
TUL8,190852,61,1,,,Fish
TUL8,190853,60,0,,,Fish
TUL8,190854,38,1,,,Fish
TUL8,190855,43,1,,,Fish
TUL8,190856,38,1,,,Fish
TUL8,190857,51,0,,,Fish
TUL8,190858,47,0,,,Fish
TULX10,188151,51,0,,,Fish
TULX10,188152,50,1,,,Fish
TULX10,188153,42,0,,,Fish
TULX10,188154,37,0,,,Fish
TULX10,188155,38,1,,,Fish
TULX10,188156,45,1,,,Fish
TULX10,188157,64,0,,,Fish
TULX10,188158,45,0,,,Fish
TULX10,188159,48,0,,,Fish
TULX10,188160,49,0,,,Fish
TULX10,188161,59,0,,,Fish
TULX10,188162,66,0,,,Fish
TULX10,188163,31,1,,,Fish
TULX10,188164,65,0,,,Fish
TULX10,188165,46,1,,,Fish
TULX10,188166,53,0,,,Fish
TULX10,188167,49,0,,,Fish
TULX10,188168,61,0,,,Fish
TULX10,188169,46,0,,,Fish
TULX10,188170,55,0,,,Fish
TULX10,188171,43,1,,,Fish
TULX10,188172,46,1,,,Fish
TULX10,188173,53,1,,,Fish
TULX10,188174,46,1,,,Fish
TULX10,188175,50,0,,,Fish
TULX10,188176,48,0,,,Fish
TULX10,188177,46,0,,,Fish
TULX10,188178,47,1,,,Fish
TULX10,188179,48,0,,,Fish
TULX10,188180,48,0,,,Fish
TULX10,188181,49,0,,,Fish
TULX10,188182,50,1,,,Fish
TULX10,188183,49,0,,,Fish
TULX10,188184,48,0,,,Fish
TULX10,188185,52,0,,,Fish
TULX10,188186,42,0,,,Fish
TULX10,188187,66,0,,,Fish
TULX10,188188,56,0,,,Fish
TULX10,188189,48,0,,,Fish
TULX10,188190,52,0,,,Fish
TULX10,188191,56,0,,,Fish
TULX10,188192,48,0,,,Fish
TULX10,188193,60,0,,,Fish
TULX10,188194,42,0,,,Fish
TULX10,188195,55,0,,,Fish
TULX10,188196,59,0,,,Fish
TULX10,188197,38,0,,,Fish
TULX10,188198,47,0,,,Fish
TULX10,188199,41,1,,,Fish
TULX10,188200,48,1,,,Fish
TULX11,185744,47,0,,,Fish
TULX11,185745,46,0,,,Fish
TULX11,185746,41,0,,,Fish
TULX11,185747,37,0,,,Fish
TULX11,185748,46,0,,,Fish
TULX11,185749,39,0,,,Fish
TULX11,185750,43,1,,,Fish
TULX11,185751,60,1,,,Fish
TULX11,185752,40,0,,,Fish
TULX11,185753,38,0,,,Fish
TULX11,185754,38,0,,,Fish
TULX11,185755,45,0,,,Fish
TULX11,185756,43,1,,,Fish
TULX11,185757,41,0,,,Fish
TULX11,185758,36,0,,,Fish
TULX11,185759,37,1,,,Fish
TULX11,185760,42,0,,,Fish
TULX11,185761,37,1,,,Fish
TULX11,185762,35,1,,,Fish
TULX11,185763,43,0,,,Fish
TULX11,185764,37,0,,,Fish
TULX11,185765,35,1,,,Fish
TULX11,185766,40,1,,,Fish
TULX11,185767,36,1,,,Fish
TULX11,185768,39,0,,,Fish
TULX11,185769,39,0,,,Fish
TULX11,185770,46,0,,,Fish
TULX11,185771,45,1,,,Fish
TULX11,185772,36,0,,,Fish
TULX11,185773,39,0,,,Fish
TULX11,185774,39,1,,,Fish
TULX11,185775,37,1,,,Fish
TULX11,185776,40,0,,,Fish
TULX11,185777,40,1,,,Fish
TULX11,185778,46,1,,,Fish
TULX11,185779,44,0,,,Fish
TULX11,185780,41,1,,,Fish
TULX11,185781,45,0,,,Fish
TULX11,185782,45,0,,,Fish
TULX11,185783,40,0,,,Fish
TULX11,185784,40,0,,,Fish
TULX11,185785,37,1,,,Fish
TULX11,185786,50,1,,,Fish
TULX11,185787,53,1,,,Fish
TULX11,185788,45,0,,,Fish
TULX11,185789,41,1,,,Fish
TULX11,185790,49,1,,,Fish
TULX11,185791,42,0,,,Fish
TULX11,185792,63,1,,,Fish
TULX11,185793,49,0,,,Fish
TUPX2,185294,55,0,,,Fish
TUPX2,185295,54,0,,,Fish
TUPX2,185296,58,0,,,Fish
TUPX2,185297,52,0,,,Fish
TUPX2,185298,50,0,,,Fish
TUPX2,185299,63,0,,,Fish
TUPX2,185300,61,0,,,Fish
TUPX2,185301,51,0,,,Fish
TUPX2,185302,66,0,,,Fish
TUPX2,185303,61,0,,,Fish
TUPX2,185304,55,0,,,Fish
TUPX2,185305,60,0,,,Fish
TUPX2,185306,58,0,,,Fish
TUPX2,185307,65,0,,,Fish
TUPX2,185308,51,0,,,Fish
TUPX2,185309,57,0,,,Fish
TUPX2,185310,58,0,,,Fish
TUPX2,185311,57,0,,,Fish
TUPX2,185312,54,0,,,Fish
TUPX2,185313,57,0,,,Fish
TUPX2,185314,54,0,,,Fish
TUPX2,185315,56,0,,,Fish
TUPX2,185316,58,0,,,Fish
TUPX2,185317,58,0,,,Fish
TUPX2,185318,54,0,,,Fish
TUPX2,185319,60,0,,,Fish
TUPX2,185320,54,0,,,Fish
TUPX2,185321,56,0,,,Fish
TUPX2,185322,48,0,,,Fish
TUPX2,185323,64,0,,,Fish
TUPX2,185324,64,0,,,Fish
TUPX2,185325,57,0,,,Fish
TUPX2,185326,60,0,,,Fish
TUPX2,185327,60,0,,,Fish
TUPX2,185328,58,0,,,Fish
TUPX2,185329,50,0,,,Fish
TUPX2,185330,60,0,,,Fish
TUPX2,185331,56,0,,,Fish
TUPX2,185332,60,0,,,Fish
TUPX2,185333,54,0,,,Fish
TUPX2,185334,61,0,,,Fish
TUPX2,185335,54,0,,,Fish
TUPX2,185336,54,0,,,Fish
TUPX2,185337,52,0,,,Fish
TUPX2,185338,55,0,,,Fish
TUPX2,185339,56,0,,,Fish
TUPX2,185340,58,0,,,Fish
TUPX2,185341,66,0,,,Fish
TUPX2,185342,63,0,,,Fish
TUPX2,185343,57,0,,,Fish
TULX6,188251,57,0,,,Fish
TULX6,188252,35,0,,,Fish
TULX6,188253,45,1,,,Fish
TULX6,188255,34,1,,,Fish
TULX6,188256,40,0,,,Fish
TULX6,188257,34,0,,,Fish
TULX6,188258,46,1,,,Fish
TULX6,188259,35,1,,,Fish
TULX6,188260,43,1,,,Fish
TULX6,188261,53,0,,,Fish
TULX6,188262,39,0,,,Fish
TULX6,188263,34,0,,,Fish
TULX6,188264,36,1,,,Fish
TULX6,188265,35,0,,,Fish
TULX6,188266,40,0,,,Fish
TULX6,188267,37,0,,,Fish
TULX6,188268,36,0,,,Fish
TULX6,188269,36,0,,,Fish
TULX6,188270,42,0,,,Fish
TULX6,188271,36,0,,,Fish
TULX6,188272,45,0,,,Fish
TULX6,188273,43,1,,,Fish
TULX6,188274,36,1,,,Fish
TULX6,188275,50,1,,,Fish
TULX6,188276,26,1,,,Fish
TULX6,188277,39,0,,,Fish
TULX6,188278,48,0,,,Fish
TULX6,188279,38,0,,,Fish
TULX6,188280,44,0,,,Fish
TULX6,188281,41,1,,,Fish
TULX6,188282,37,0,,,Fish
TULX6,188283,27,0,,,Fish
TULX6,188283,32,1,,,Fish
TULX6,188284,33,0,,,Fish
TULX6,188285,30,1,,,Fish
TULX6,188286,33,1,,,Fish
TULX6,188287,44,0,,,Fish
TULX6,188288,33,1,,,Fish
TULX6,188289,38,0,,,Fish
TULX6,188290,38,0,,,Fish
TULX6,188291,49,1,,,Fish
TULX6,188292,40,1,,,Fish
TULX6,188293,36,1,,,Fish
TULX6,188294,39,1,,hand caught,Fish
TULX6,188295,29,0,,hand caught,Fish
TULX6,188296,64,0,,hand caught,Fish
TULX6,188297,35,0,,hand caught,Fish
TULX6,188298,31,1,,,Fish
TULX6,188299,37,0,,,Fish
TULX6,188300,38,1,,,Fish
TULX8,188101,36,1,,,Fish
TULX8,188102,43,0,,,Fish
TULX8,188103,42,1,,,Fish
TULX8,188104,48,0,,,Fish
TULX8,188105,57,0,,,Fish
TULX8,188106,40,1,,,Fish
TULX8,188107,38,0,,,Fish
TULX8,188108,49,1,,,Fish
TULX8,188109,37,0,,,Fish
TULX8,188110,51,0,,,Fish
TULX8,188111,47,1,,,Fish
TULX8,188112,39,1,,,Fish
TULX8,188113,37,0,,,Fish
TULX8,188114,38,0,,,Fish
TULX8,188115,39,0,,,Fish
TULX8,188116,36,0,,,Fish
TULX8,188117,49,0,,,Fish
TULX8,188118,40,0,,,Fish
TULX8,188119,34,1,,,Fish
TULX8,188120,54,1,,,Fish
TULX8,188121,34,1,,,Fish
TULX8,188122,44,0,,,Fish
TULX8,188123,36,0,,,Fish
TULX8,188124,36,1,,,Fish
TULX8,188125,67,0,,,Fish
TULX8,188126,36,0,,,Fish
TULX8,188127,38,0,,,Fish
TULX8,188128,37,1,,,Fish
TULX8,188129,36,1,,,Fish
TULX8,188130,32,1,,,Fish
TULX8,188131,49,1,,,Fish
TULX8,188132,45,1,,,Fish
TULX8,188133,54,0,,,Fish
TULX8,188134,35,1,,,Fish
TULX8,188135,65,0,,,Fish
TULX8,188136,58,1,,,Fish
TULX8,188137,37,1,,,Fish
TULX8,188138,45,0,,,Fish
TULX8,188139,35,1,,,Fish
TULX8,188140,30,0,,,Fish
TULX8,188141,38,1,,,Fish
TULX8,188142,44,1,,,Fish
TULX8,188143,56,1,,,Fish
TULX8,188144,38,0,,,Fish
TULX8,188145,50,1,,,Fish
TULX8,188146,39,1,,,Fish
TULX8,188147,39,0,,,Fish
TULX8,188148,39,0,,,Fish
TULX8,188149,57,1,,,Fish
TULX8,188150,34,0,,,Fish
TUP19,190201,42,0,,,Fish
TUP19,190202,46,0,,,Fish
TUP19,190203,44,0,,,Fish
TUP19,190204,56,0,,,Fish
TUP19,190205,46,0,,,Fish
TUP19,190206,45,0,,,Fish
TUP19,190207,50,1,,,Fish
TUP19,190208,39,0,,,Fish
TUP19,190209,36,0,,,Fish
TUP19,190210,38,0,,,Fish
TUP19,190211,42,0,,,Fish
TUP19,190212,41,0,,,Fish
TUP19,190213,46,0,,,Fish
TUP19,190214,44,0,,,Fish
TUP19,190215,47,0,,,Fish
TUP19,190216,45,0,,,Fish
TUP19,190217,38,0,,,Fish
TUP19,190218,41,0,,,Fish
TUP19,190219,35,0,,,Fish
TUP19,190220,43,0,,,Fish
TUP19,190221,43,0,,,Fish
TUP19,190222,58,1,,,Fish
TUP19,190223,45,0,,,Fish
TUP19,190224,48,0,,,Fish
TUP19,190225,43,0,,,Fish
TUP19,190226,44,0,,,Fish
TUP19,190227,57,1,,,Fish
TUP19,190228,44,0,,,Fish
TUP19,190229,39,0,,,Fish
TUP19,190230,42,0,,,Fish
TUP19,190231,45,0,,,Fish
TUP19,190232,44,0,,,Fish
TUP19,190233,32,0,,,Fish
TUP19,190234,33,0,,,Fish
TUP19,190235,47,0,,,Fish
TUP19,190236,43,0,,,Fish
TUP19,190237,50,0,,,Fish
TUP19,190238,43,0,,,Fish
TUP19,190239,43,0,,,Fish
TUP19,190240,44,0,,,Fish
TUP19,190241,43,0,,,Fish
TUP19,190242,34,0,,,Fish
TUP19,190243,37,0,,,Fish
TUP19,190244,55,0,,,Fish
TUP19,190245,43,0,,,Fish
TUP19,190246,39,1,,,Fish
TUP19,190247,39,0,,,Fish
TUP19,190248,36,1,,,Fish
TUP19,190249,41,0,,,Fish
TUP19,190250,55,1,,,Fish
TUPX1,185794,39,1,,,Fish
TUPX1,185795,43,1,,,Fish
TUPX1,185796,42,0,,,Fish
TUPX1,185797,45,0,,,Fish
TUPX1,185798,40,0,,,Fish
TUPX1,185799,54,0,,,Fish
TUPX1,185800,49,0,,,Fish
TUPX1,185801,42,0,,,Fish
TUPX1,185802,43,1,,,Fish
TUPX1,185803,54,1,,,Fish
TUPX1,185804,50,0,,no photos,Fish
TUPX1,185805,41,0,,no photos,Fish
TUPX1,185806,47,1,,no photos,Fish
TUPX1,185807,39,0,,no photos,Fish
TUPX1,185808,37,1,,,Fish
TUPX1,185809,40,0,,no photos,Fish
TUPX1,185810,48,0,,,Fish
TUPX1,185811,39,0,,,Fish
TUPX1,185812,43,0,,,Fish
TUPX1,185813,46,0,,,Fish
TUPX1,185814,42,0,,,Fish
TUPX1,185815,39,1,,,Fish
TUPX1,185816,50,0,,no photos,Fish
TUPX1,185817,33,1,,no photos,Fish
TUPX1,185818,36,0,,no photos,Fish
TUPX1,185819,42,0,,no photos,Fish
TUPX1,185820,40,0,,no photos,Fish
TUPX1,185821,37,1,,,Fish
TUPX1,185822,51,1,,,Fish
TUPX1,185823,50,0,,,Fish
TUPX1,185824,53,1,,,Fish
TUPX1,185825,47,0,,,Fish
TUPX1,185826,43,0,,,Fish
TUPX1,185827,44,1,,,Fish
TUPX1,185828,52,0,,,Fish
TUPX1,185829,42,0,,,Fish
TUPX1,185830,46,0,,,Fish
TUPX1,185831,36,1,,,Fish
TUPX1,185832,59,0,,,Fish
TUPX1,185833,61,1,,,Fish
TUPX1,185834,48,0,,,Fish
TUPX1,185835,46,0,,,Fish
TUPX1,185836,42,0,,,Fish
TUPX1,185837,43,1,,,Fish
TUPX1,185838,39,0,,,Fish
TUPX1,185839,50,1,,,Fish
TUPX1,185840,46,1,,,Fish
TUPX1,185841,47,0,,,Fish
TUPX1,185842,50,0,,,Fish
TUPX1,185843,44,0,,,Fish
TULX5,188051,33,1,,,Fish
TULX5,188052,48,0,,,Fish
TULX5,188053,44,1,,plated,Fish
TULX5,188054,49,1,,plated,Fish
TULX5,188055,49,1,,plated,Fish
TULX5,188056,57,1,,plated,Fish
TULX5,188057,32,1,,plated,Fish
TULX5,188058,54,1,,plated,Fish
TULX5,188059,54,1,,plated,Fish
TULX5,188060,46,1,,plated,Fish
TULX5,188061,46,1,,plated,Fish
TULX5,188062,47,1,,plated,Fish
TULX5,188063,47,1,,plated,Fish
TULX5,188064,41,1,,plated,Fish
TULX5,188065,53,1,,plated,Fish
TULX5,188066,48,0,,plated,Fish
TULX5,188067,46,1,,plated,Fish
TULX5,188068,35,1,,plated,Fish
TULX5,188069,34,0,,plated,Fish
TULX5,188070,50,1,,plated,Fish
TULX5,188071,40,0,,plated,Fish
TULX5,188072,55,1,,plated,Fish
TULX5,188073,41,1,,plated,Fish
TULX5,188074,48,1,,plated,Fish
TULX5,188075,45,1,,plated,Fish
TULX5,188076,33,1,,plated,Fish
TULX5,188077,41,1,,plated,Fish
TULX5,188078,51,1,,plated,Fish
TULX5,188079,46,0,,plated,Fish
TULX5,188080,40,1,,plated,Fish
TULX5,188081,38,0,,plated,Fish
TULX5,188082,49,1,,plated,Fish
TULX5,188083,53,1,,plated,Fish
TULX5,188084,48,1,,plated,Fish
TULX5,188085,45,0,,plated,Fish
TULX5,188086,51,1,,plated,Fish
TULX5,188087,32,1,,plated,Fish
TULX5,188088,68,0,,plated,Fish
TULX5,188089,58,0,,plated,Fish
TULX5,188090,52,1,,plated,Fish
TULX5,188091,54,1,,plated,Fish
TULX5,188092,44,1,,plated,Fish
TULX5,188093,46,1,,plated,Fish
TULX5,188094,47,0,,plated,Fish
TULX5,188095,33,0,,plated,Fish
TULX5,188096,42,0,,plated,Fish
TULX5,188097,39,0,,plated,Fish
TULX5,188098,41,1,,plated,Fish
TULX5,188099,31,1,,plated,Fish
TULX5,188100,50,1,,plated,Fish
ERL67,204120,,,,Snail,Benthic_Baseline
ERL67,204120,,,,Snail,Benthic_Baseline
ERL67,204120,,,,Snail,Benthic_Baseline
ERL67,204120,,,,Snail,Benthic_Baseline
ERL67,204121,,,,Snail,Benthic_Baseline
ERL67,204121,,,,Snail,Benthic_Baseline
ERL67,204121,,,,Snail,Benthic_Baseline
ERL67,204121,,,,Snail,Benthic_Baseline
ERL137,204123,,,,Snail,Benthic_Baseline
ERL137,204123,,,,Snail,Benthic_Baseline
ERL137,204123,,,,Snail,Benthic_Baseline
ERL137,204123,,,,Snail,Benthic_Baseline
ERL137,204122,,,,Snail,Benthic_Baseline
ERL137,204122,,,,Snail,Benthic_Baseline
ERL137,204122,,,,Snail,Benthic_Baseline
ERL137,204122,,,,Snail,Benthic_Baseline
L26,204119,,,,"bulk of snails (8) ""Posthornschnecke""type",Benthic_Baseline
L26,204119,,,,"bulk of snails (8) ""Posthornschnecke""type",Benthic_Baseline
L26,204119,,,,"bulk of snails (8) ""Posthornschnecke""type",Benthic_Baseline
ERL33,203500,,,,Snails,Benthic_Baseline
ERL60,186566,,,,Snail,Benthic_Baseline
ERL84,186558,,,,Snail,Benthic_Baseline
ERL84,186558,,,,Snail,Benthic_Baseline
ERL84,186558,,,,Snail,Benthic_Baseline
ERL84,186558,,,,Snail,Benthic_Baseline
ERL84,186557,,,,Snail,Benthic_Baseline
ERL84,186557,,,,Snail,Benthic_Baseline
ERL84,186557,,,,Snail,Benthic_Baseline
ERL153,186564,,,,Snail,Benthic_Baseline
ERL153,186565,,,,Snail,Benthic_Baseline
ERL153,186565,,,,Snail,Benthic_Baseline
ERL153,186565,,,,Snail,Benthic_Baseline
ERL153,186566,,,,Snail,Benthic_Baseline
ERL153,186566,,,,Snail,Benthic_Baseline
ERL153,186566,,,,Snail,Benthic_Baseline
ERL6,204124,,,,Snail,Benthic_Baseline
ERL6,204124,,,,Snail,Benthic_Baseline
ERL6,204124,,,,Snail,Benthic_Baseline
ERL6,204124,,,,Snail,Benthic_Baseline
ERL6,204125,,,,Snail,Benthic_Baseline
ERL6,204125,,,,Snail,Benthic_Baseline
AL4,188984,,,,Trichoptera_larvae,Benthic_Baseline
ERL124,203883,,,,Snail,Benthic_Baseline
ERL124,203884,,,,Snail,Benthic_Baseline
ERL124,203885,,,,Snail,Benthic_Baseline
ERL124,203886,,,,Snail,Benthic_Baseline
ERL124,203887,,,,Snail,Benthic_Baseline
ERL124,203888,,,,Snail,Benthic_Baseline
ERL124,203889,,,,Snail,Benthic_Baseline
ERL124,203890,,,,Snail,Benthic_Baseline
ERL124,203891,,,,Snail,Benthic_Baseline
ERL124,203892,,,,Snail,Benthic_Baseline
ERL125,204054,,,,Snail,Benthic_Baseline
ERL125,204055,,,,Snail,Benthic_Baseline
ERL125,204056,,,,Snail,Benthic_Baseline
ERL125,204057,,,,Snail,Benthic_Baseline
ERL125,204058,,,,Snail,Benthic_Baseline
ERL125,204059,,,,Snail,Benthic_Baseline
ERL125,204060,,,,Snail,Benthic_Baseline
ERL125,204061,,,,Snail,Benthic_Baseline
ERL125,204062,,,,Snail,Benthic_Baseline
ERL125,204063,,,,Snail,Benthic_Baseline
ERL066,204239,,,,Zooplankton,Pelagic_Baseline
ERL064,204250,,,,Zooplankton,Pelagic_Baseline
ERL069,204244,,,,Zooplankton,Pelagic_Baseline
ERL010,204051,,,,Zooplankton,Pelagic_Baseline
ERL009,204053,,,,Zooplankton,Pelagic_Baseline
ERL034,204114,,,,Zooplankton,Pelagic_Baseline
ERL004,204133,,,,Zooplankton,Pelagic_Baseline
ERL008,204134,,,,Zooplankton,Pelagic_Baseline
ERL_B2P4_pre,203117,,,,Zooplankton,Pelagic_Baseline
ERL_B2P3_pre,203121,,,,Zooplankton,Pelagic_Baseline
ERL_B2P2_pre,203144,,,,Zooplankton,Pelagic_Baseline
ERL_B2P1_pre,203120,,,,Zooplankton,Pelagic_Baseline
ERL_B3P1_pre,204111,,,,Zooplankton,Pelagic_Baseline
ERL_B3P2_pre,204110,,,,Zooplankton,Pelagic_Baseline
ERL_B3P3_pre,204112,,,,Zooplankton,Pelagic_Baseline
ERL_B1P4_pre,204131,,,,Zooplankton,Pelagic_Baseline
ERL122_pre,204136,,,,Zooplankton,Pelagic_Baseline
ERL_B3P4_pre,204167,,,,Zooplankton,Pelagic_Baseline
ERL_B1P4_post,188943,,,,Zooplankton,Pelagic_Baseline
ERL_B1P3_post,188948,,,,Zooplankton,Pelagic_Baseline
ERL_B1P2_post,188951,,,,Zooplankton,Pelagic_Baseline
ERL_B1P1_post,188950,,,,Zooplankton,Pelagic_Baseline
ERL_B2P4_post,188938,,,,Zooplankton,Pelagic_Baseline
ERL_B2P3_post,188937,,,,Zooplankton,Pelagic_Baseline
ERL_B2P2_post,188936,,,,Zooplankton,Pelagic_Baseline
ERL_B2P1_post,188935,,,,Zooplankton,Pelagic_Baseline
ERL_B3P3_post,188939,,,,Zooplankton,Pelagic_Baseline
ERL_B3P2_post,188924,,,,Zooplankton,Pelagic_Baseline
ERL_B3P1_post,188923,,,,Zooplankton,Pelagic_Baseline
ERL122_post,188922,,,,Zooplankton,Pelagic_Baseline
ERL395,204249,,,,Zooplankton,Pelagic_Baseline
ERL068,204240,,,,Zooplankton,Pelagic_Baseline
ERL394,204052,,,,Zooplankton,Pelagic_Baseline
ERL186,204113,,,,Zooplankton,Pelagic_Baseline
ERL085,204118,,,,Zooplankton,Pelagic_Baseline
ERL005,204132,,,,Zooplankton,Pelagic_Baseline
ERL121,204135,,,,Zooplankton,Pelagic_Baseline
TULX7,188980,,,,Zooplankton,Pelagic_Baseline
TULX9,188977,,,,Zooplankton,Pelagic_Baseline
TULX13,188971,,,,Zooplankton,Pelagic_Baseline
TULX14,188972,,,,Zooplankton,Pelagic_Baseline
AK13,188962,,,,Zooplankton,Pelagic_Baseline
AP4,188955,,,,Zooplankton,Pelagic_Baseline
AK15,188952,,,,Zooplankton,Pelagic_Baseline
AK16,188954,,,,Zooplankton,Pelagic_Baseline
ERL138,204245,,,,Zooplankton,Pelagic_Baseline
ERL084,204116,,,,Zooplankton,Pelagic_Baseline
ERL153,204117,,,,Zooplankton,Pelagic_Baseline
ERL006,204137,,,,Zooplankton,Pelagic_Baseline
TUL10,188982,,,,Zooplankton,Pelagic_Baseline
TULX5,188981,,,,Zooplankton,Pelagic_Baseline
TULX6,188978,,,,Zooplankton,Pelagic_Baseline
TULX8,188975,,,,Zooplankton,Pelagic_Baseline
TULX10,188976,,,,Zooplankton,Pelagic_Baseline
TULX11,188974,,,,Zooplankton,Pelagic_Baseline
TULX12,188973,,,,Zooplankton,Pelagic_Baseline
AK4,188967,,,,Zooplankton,Pelagic_Baseline
AK8,188956,,,,Zooplankton,Pelagic_Baseline
AK7,188958,,,,Zooplankton,Pelagic_Baseline
ERL017,204247,,,,Zooplankton,Pelagic_Baseline
ERL016,204246,,,,Zooplankton,Pelagic_Baseline
ERL065,204242,,,,Zooplankton,Pelagic_Baseline
ERL001,204241,,,,Zooplankton,Pelagic_Baseline
ERL137,204243,,,,Zooplankton,Pelagic_Baseline
ERL067,204248,,,,Zooplankton,Pelagic_Baseline
L26,205761,,,,Zooplankton,Pelagic_Baseline
ERL33,203600,,,,Zooplankton,Pelagic_Baseline
ERL060,204115,,,,Zooplankton,Pelagic_Baseline
TUP19,188993,,,,Zooplankton,Pelagic_Baseline
TUPX1,188994,,,,Zooplankton,Pelagic_Baseline
TUPX2,188995,,,,Zooplankton,Pelagic_Baseline
TUL6,188983,,,,Zooplankton,Pelagic_Baseline
TUL8,188979,,,,Zooplankton,Pelagic_Baseline
AK6,188963,,,,Zooplankton,Pelagic_Baseline
AL4,188964,,,,Zooplankton,Pelagic_Baseline
AK9,188965,,,,Zooplankton,Pelagic_Baseline
AK10,188959,,,,Zooplankton,Pelagic_Baseline
AK11,188960,,,,Zooplankton,Pelagic_Baseline
AK12,188961,,,,Zooplankton,Pelagic_Baseline
AP3,188957,,,,Zooplankton,Pelagic_Baseline
AK2,188953,,,,Zooplankton,Pelagic_Baseline
Marine,186844,68,0,,,Fish
Marine,186846,50,0,,,Fish
Marine,186847,55,0,,,Fish
Marine,186848,60,0,,,Fish
Marine,186849,50,0,,,Fish
Marine,188968,51,0,,,Fish
Marine,188969,73,0,,,Fish
Marine,204160,57,0,,,Fish
Marine,204161,63,0,,,Fish
AL4,185272,50,0,,,Fish